{
  "dll_path": "testing_sample\\msvcrt.dll",
  "exports_tested": 10,
  "successful_invocations": 0,
  "failed_invocations": 10,
  "by_engine": {
    "rundll32": {
      "success": 0,
      "failure": 0
    },
    "ctypes": {
      "success": 0,
      "failure": 0
    },
    "c_harness": {
      "success": 0,
      "failure": 10
    },
    "debugger": {
      "success": 0,
      "failure": 0
    }
  },
  "errors": [
    {
      "export": "??0__non_rtti_object@@QEAA@AEBV0@@Z",
      "engine": "c_harness",
      "error": "[Errno 22] Invalid argument: 'output\\\\dll_analysis\\\\msvcrt\\\\harness\\\\??0__non_rtti_object@@QEAA@AEBV0@@Z_1748003845.c'"
    },
    {
      "export": "??0__non_rtti_object@@QEAA@PEBD@Z",
      "engine": "c_harness",
      "error": "[Errno 22] Invalid argument: 'output\\\\dll_analysis\\\\msvcrt\\\\harness\\\\??0__non_rtti_object@@QEAA@PEBD@Z_1748003845.c'"
    },
    {
      "export": "??0bad_cast@@AAE@PBQBD@Z",
      "engine": "c_harness",
      "error": "[Errno 22] Invalid argument: 'output\\\\dll_analysis\\\\msvcrt\\\\harness\\\\??0bad_cast@@AAE@PBQBD@Z_1748003845.c'"
    },
    {
      "export": "??0bad_cast@@AEAA@PEBQEBD@Z",
      "engine": "c_harness",
      "error": "[Errno 22] Invalid argument: 'output\\\\dll_analysis\\\\msvcrt\\\\harness\\\\??0bad_cast@@AEAA@PEBQEBD@Z_1748003845.c'"
    },
    {
      "export": "??0bad_cast@@QAE@ABQBD@Z",
      "engine": "c_harness",
      "error": "[Errno 22] Invalid argument: 'output\\\\dll_analysis\\\\msvcrt\\\\harness\\\\??0bad_cast@@QAE@ABQBD@Z_1748003846.c'"
    },
    {
      "export": "??0bad_cast@@QEAA@AEBQEBD@Z",
      "engine": "c_harness",
      "error": "[Errno 22] Invalid argument: 'output\\\\dll_analysis\\\\msvcrt\\\\harness\\\\??0bad_cast@@QEAA@AEBQEBD@Z_1748003846.c'"
    },
    {
      "export": "??0bad_cast@@QEAA@AEBV0@@Z",
      "engine": "c_harness",
      "error": "[Errno 22] Invalid argument: 'output\\\\dll_analysis\\\\msvcrt\\\\harness\\\\??0bad_cast@@QEAA@AEBV0@@Z_1748003846.c'"
    },
    {
      "export": "??0bad_cast@@QEAA@PEBD@Z",
      "engine": "c_harness",
      "error": "[Errno 22] Invalid argument: 'output\\\\dll_analysis\\\\msvcrt\\\\harness\\\\??0bad_cast@@QEAA@PEBD@Z_1748003847.c'"
    },
    {
      "export": "??0bad_typeid@@QEAA@AEBV0@@Z",
      "engine": "c_harness",
      "error": "[Errno 22] Invalid argument: 'output\\\\dll_analysis\\\\msvcrt\\\\harness\\\\??0bad_typeid@@QEAA@AEBV0@@Z_1748003847.c'"
    },
    {
      "export": "??0bad_typeid@@QEAA@PEBD@Z",
      "engine": "c_harness",
      "error": "[Errno 22] Invalid argument: 'output\\\\dll_analysis\\\\msvcrt\\\\harness\\\\??0bad_typeid@@QEAA@PEBD@Z_1748003847.c'"
    }
  ],
  "export_results": [
    {
      "export": "??0__non_rtti_object@@QEAA@AEBV0@@Z",
      "engine": "c_harness",
      "success": false,
      "error": "[Errno 22] Invalid argument: 'output\\\\dll_analysis\\\\msvcrt\\\\harness\\\\??0__non_rtti_object@@QEAA@AEBV0@@Z_1748003845.c'"
    },
    {
      "export": "??0__non_rtti_object@@QEAA@PEBD@Z",
      "engine": "c_harness",
      "success": false,
      "error": "[Errno 22] Invalid argument: 'output\\\\dll_analysis\\\\msvcrt\\\\harness\\\\??0__non_rtti_object@@QEAA@PEBD@Z_1748003845.c'"
    },
    {
      "export": "??0bad_cast@@AAE@PBQBD@Z",
      "engine": "c_harness",
      "success": false,
      "error": "[Errno 22] Invalid argument: 'output\\\\dll_analysis\\\\msvcrt\\\\harness\\\\??0bad_cast@@AAE@PBQBD@Z_1748003845.c'"
    },
    {
      "export": "??0bad_cast@@AEAA@PEBQEBD@Z",
      "engine": "c_harness",
      "success": false,
      "error": "[Errno 22] Invalid argument: 'output\\\\dll_analysis\\\\msvcrt\\\\harness\\\\??0bad_cast@@AEAA@PEBQEBD@Z_1748003845.c'"
    },
    {
      "export": "??0bad_cast@@QAE@ABQBD@Z",
      "engine": "c_harness",
      "success": false,
      "error": "[Errno 22] Invalid argument: 'output\\\\dll_analysis\\\\msvcrt\\\\harness\\\\??0bad_cast@@QAE@ABQBD@Z_1748003846.c'"
    },
    {
      "export": "??0bad_cast@@QEAA@AEBQEBD@Z",
      "engine": "c_harness",
      "success": false,
      "error": "[Errno 22] Invalid argument: 'output\\\\dll_analysis\\\\msvcrt\\\\harness\\\\??0bad_cast@@QEAA@AEBQEBD@Z_1748003846.c'"
    },
    {
      "export": "??0bad_cast@@QEAA@AEBV0@@Z",
      "engine": "c_harness",
      "success": false,
      "error": "[Errno 22] Invalid argument: 'output\\\\dll_analysis\\\\msvcrt\\\\harness\\\\??0bad_cast@@QEAA@AEBV0@@Z_1748003846.c'"
    },
    {
      "export": "??0bad_cast@@QEAA@PEBD@Z",
      "engine": "c_harness",
      "success": false,
      "error": "[Errno 22] Invalid argument: 'output\\\\dll_analysis\\\\msvcrt\\\\harness\\\\??0bad_cast@@QEAA@PEBD@Z_1748003847.c'"
    },
    {
      "export": "??0bad_typeid@@QEAA@AEBV0@@Z",
      "engine": "c_harness",
      "success": false,
      "error": "[Errno 22] Invalid argument: 'output\\\\dll_analysis\\\\msvcrt\\\\harness\\\\??0bad_typeid@@QEAA@AEBV0@@Z_1748003847.c'"
    },
    {
      "export": "??0bad_typeid@@QEAA@PEBD@Z",
      "engine": "c_harness",
      "success": false,
      "error": "[Errno 22] Invalid argument: 'output\\\\dll_analysis\\\\msvcrt\\\\harness\\\\??0bad_typeid@@QEAA@PEBD@Z_1748003847.c'"
    }
  ]
}